"ID","Phenotype"
262,-0.0875895484510919
5,2.38469915733083
520,1.27890533431683
3,-0.436795631578571
153,-0.993821405793928
389,0.334854307510389
415,0.174792725868535
331,-1.8986511929172
95,0.340613810015813
393,0.232431104210828
222,0.820941878819459
123,1.4419411217428
880,-0.155857340547781
7,-1.0829571478363
628,0.372868078430941
974,0.287837324701865
103,1.29222625562686
617,-0.140524418093447
224,-0.847162523865789
10,-0.0371171418244234
208,0.167553571425783
257,-2.99136607498776
150,-1.24155667199738
248,1.81921946172287
42,-2.36540218385513
124,0.730521785583257
746,0.886437436363295
351,-0.763371564094673
745,1.94987417771683
900,-0.147030482508453
363,-0.113606815500062
237,-0.280735248584497
806,2.44311098653367
433,0.415693357214435
1000,1.19917230785308
282,-0.872428398179494
270,1.91181828305614
418,-0.313790517119929
525,0.90278190204418
522,0.247312260440722
539,-1.34912364476884
394,1.01927448379984
870,0.904107463110625
945,0.359750307686645
74,-0.199071339637695
411,0.484445201351896
591,-1.25293645220469
852,0.989462945517183
283,2.28703470822224
49,1.85481856059491
196,-1.3825268286877
337,-0.296231434412109
279,1.85868169253786
936,-2.13569525626078
647,-0.188578229319123
385,0.436078412984543
548,1.01443502940081
748,0.0869693496506664
392,-1.82426242457008
468,0.202023333044433
535,1.26527185214499
148,2.07943815273049
240,-0.961808476451346
885,-2.29086270485632
342,-0.139780222837035
359,-1.62582370963708
158,-0.357277078520719
671,0.434342844473952
768,1.31533322830166
306,-1.95371406329945
235,-1.66462091955896
340,-1.14015239677046
623,-0.350885803925032
513,-1.35336695137789
916,0.960103859484974
876,-1.46592533480446
877,-1.07568095242173
354,0.741029122277283
469,-0.834275661571484
724,-0.321744282275879
754,1.40054123240949
82,1.3720259124072
320,-0.447492894391244
946,-0.196656125914619
680,-0.781416593029137
658,-0.546373692712636
199,-3.15419146228765
800,0.0154338352093567
957,-0.490224520231294
336,-0.988621916370525
382,0.220583766493696
555,0.362449788784741
873,0.297807614243387
604,-2.08867593877369
215,-1.05810343117817
350,1.52546957805079
264,-0.87427693336506
714,-0.132462857633332
788,-1.22845944003426
582,-0.939984992385759
881,-1.33030016774297
311,-2.42985228720686
112,2.46698889517682
578,0.00818659567077418
294,1.37973888965363
556,0.458613817589045
75,-0.425398731511618
278,0.764046584342642
372,-1.07257086950098
318,0.789081753551548
855,-0.360678198043966
487,0.240025013123892
404,0.0746987753320288
59,1.69772264133547
341,0.328405944962519
894,1.8254258454813
634,1.56199611623841
932,-1.85055350014478
893,-0.65968805227201
295,-0.224620165176995
567,0.445177541558507
867,-0.700457072491126
25,-0.621059659651773
197,1.86346135856612
631,0.287122314432426
205,0.444338332647264
166,0.456264474217893
139,0.750402381967999
154,-0.331331320216509
397,-1.49276185502036
273,-2.97936009397462
417,-2.84650415450195
495,-0.00968609151343583
532,-0.0298565913365336
289,1.27468064839324
87,-0.909749115279251
277,-0.218135007959879
839,1.66193323579153
326,-0.480970611632977
564,1.53494576936883
142,-0.884541537486304
679,0.883912547430222
292,0.623783734428362
253,0.0552897538587134
987,1.53368371056932
868,1.58536825149328
630,1.03012754752538
338,0.400710204990609
728,-1.59765049675512
850,0.61584085827858
753,1.10299243730606
903,0.890770188705736
780,0.405113090362883
763,-1.48656252483528
84,0.821431914717656
597,-0.864988165541324
403,1.02813884163727
774,0.532767412700943
50,1.26456752714134
430,-0.32885508920618
191,-2.86824312059296
984,-0.966676208412228
65,-0.677672142836048
904,0.820728716262582
511,-2.44730375026591
976,0.13046889299359
807,-0.802827908555649
879,-1.81435955455951
703,1.3072781054551
28,0.349081965185464
713,0.374434595837394
62,-0.572239223190837
493,2.39897389486826
895,-0.150815058354473
831,-0.00458244575350156
622,-1.13757302863854
672,-1.02344496582873
464,-0.264514242146687
233,0.399926258865248
515,-0.252282031874666
794,-0.491842623462806
33,-1.99536733985113
324,-0.724450508599191
825,0.547279626092942
600,-1.18752923504231
947,1.28009914668372
300,0.397109356786423
206,0.960870521353598
212,0.557849565859818
707,1.74825855962116
98,-0.609848250643068
364,0.638313469646369
781,-0.450671423261995
729,-0.769229234136919
872,-0.208389169398024
482,-1.66474894824821
297,-0.613029384730183
438,0.055237620700695
953,1.17423831100375
477,-0.947459331566098
698,-1.55407055416747
778,0.218938228678282
966,-1.95527237841717
465,-0.300731952659144
693,1.1123515053541
692,2.24332108567396
298,1.23252534172339
255,1.22216259666176
711,2.27264156825063
596,-1.42024283817446
458,0.790454137850985
423,0.91065523236837
719,0.709727268418126
981,0.0768502700234934
360,-0.498324985394426
258,-2.21471773047286
737,0.00144959852172674
38,0.482476714590039
378,-2.06746789801451
115,-2.78593542297972
134,-0.225496942992169
163,-1.86223866936552
455,0.205220191096783
116,-0.124414198404656
641,-0.924333847429416
996,-3.35441494153074
35,1.78883351295006
353,-0.188354942679596
228,0.671780848671771
256,1.61128455531079
437,-0.67005574668792
697,0.0856000109274437
722,1.67738531326401
410,0.992095770243111
200,1.0056378598306
509,-0.169303616472357
547,-0.0927999443010457
997,0.331222172109113
836,0.771978017576177
157,0.458716825733069
741,1.25111276569515
973,-0.74408289586131
830,-1.56915512614681
760,-0.791075273548479
88,0.802433725714764
897,-1.94791631213353
106,0.0862840006216819
962,0.82248092879469
566,-2.17533532651542
76,0.537083558167352
554,0.21537966467745
533,-0.72163855218245
302,1.32909189480087
621,0.327697955469905
808,0.260292069849149
13,0.317266415046753
211,-0.645020569531894
29,-0.0209999002966603
676,2.18709630370917
345,-1.32448535921051
453,-1.88866377618945
79,-1.57506883144143
501,1.48878763476047
798,-0.0684155279817493
2,1.40062955918719
66,1.49560279838937
644,-0.542190221430178
633,1.36762227548755
391,1.47748506943495
700,-0.300276018842766
334,0.603609946379592
871,-3.10690328656447
176,-1.57116827016547
544,0.174832274598574
384,1.73544087072498
811,0.190406840273495
419,-0.943110301187967
286,0.175553893913597
643,0.269922344281259
250,-0.963120197627323
271,-1.82928296314254
640,-1.10196192246164
21,-1.97853854586597
105,0.545695979852908
832,0.18415177943907
252,-0.904251583358491
615,-0.677036558260502
610,1.27031826237466
975,-2.37412242287244
288,-0.141783695576725
649,0.277397686062216
823,0.214278016582622
761,1.11221185003444
689,0.933851775084812
537,-1.69038741999714
908,0.348640125507337
809,-0.616022770333304
581,0.129986798392874
846,0.588788763348689
688,-1.23182709314709
165,0.34292801887829
102,-1.34165837722692
315,2.61071823500147
164,-0.312613161593011
58,-0.867231800054158
608,-0.529624666994912
473,1.53683660163751
409,-0.323154702334865
339,0.4317494225677
727,-0.30780760889569
669,-1.58599567966392
398,-1.71829569672415
107,0.0210815397585694
34,-0.700952105300034
489,1.6850697267949
23,-0.591765506926506
85,0.712891166913607
518,-2.28710719221655
361,-0.225637387902014
677,0.00503086964515942
14,-0.238406723977063
935,-1.03271012362025
281,-2.15060750240651
712,0.0900936970352262
527,0.142725703322233
551,0.465746852171252
826,-0.37906072420027
969,-1.02649761218989
568,0.132171122514891
348,-1.21942002225736
160,-1.77244745158384
670,0.104311743369183
470,-1.26007786404945
767,0.651270051996137
603,1.29001844632598
606,0.428799151226122
687,0.423134422850508
653,-1.69259925049178
776,1.32316730564605
986,0.234221162805463
243,-0.462252079006311
756,-1.52223867467392
573,-0.897047154128239
407,1.40987099094921
480,0.17970888468562
819,0.0472759154617717
861,1.47508840746567
860,-1.46448179529041
97,-0.83408200125236
659,0.223515463046915
833,1.18960396560636
424,0.468327130042807
909,-1.86802620981138
648,-0.0582891869364727
296,-0.584206910037663
322,-1.36516889950577
414,-0.217464878293356
720,-0.547263895203432
992,1.19742053651956
543,0.332742586694757
960,0.329192779394509
828,-0.453342632692638
202,-2.01630741249956
824,-0.90859983026646
971,0.49247062627523
459,-0.106400330961174
254,0.991162051727881
284,-0.542034623096121
546,0.870013817741847
64,0.356561493451357
301,-1.1040439032149
449,-1.68547521737399
655,0.18845758321595
41,-0.0215580442466575
170,-0.126551226203
194,1.19633149490074
444,0.637174345379195
686,-0.597002577878106
386,-0.0640760617737752
40,-0.0726100845016741
862,0.644860030029415
454,-0.37779992150881
506,-0.854828301736464
925,-1.58990290417238
161,1.15621869976505
765,-0.784497936416547
167,0.772627732656442
979,3.03329779167644
395,-0.0287835525340818
657,-0.514830874342067
723,3.63069427312718
721,-1.04160147845673
787,-0.0536513915053807
239,0.0697187917715579
173,-0.125925259099989
584,-1.48906109269491
956,0.679314586731474
783,0.843523432241768
571,0.946181955657376
949,1.60779202782699
917,0.461052194896783
491,-0.765834549377042
666,-0.899274373130151
528,0.696775757466997
290,0.00647889461155814
731,1.51662399312441
516,0.446657535470791
349,-0.831721818205061
858,1.74092308860843
406,0.427553563458266
22,0.0696598609702772
305,1.53134399211719
561,-1.0604701711236
940,0.0404118478616272
12,0.95245835064451
19,-0.1513085194401
577,0.894493047043238
886,-1.35530434574046
479,0.197896447661827
144,3.10508007652505
329,1.12941956729733
387,0.791262385137277
261,0.305542942279511
701,-0.224081810789288
959,-0.278639259772763
57,2.66428874046795
114,0.952742431794692
113,1.01872447477583
130,-1.88591168052756
845,0.435546424666228
48,1.60495666817706
565,1.73190974830254
143,-2.05874058025011
242,0.626231387682518
619,1.31499121482218
155,0.35322577132067
405,1.03084533869832
355,-0.955855345101173
507,-0.170817582158313
179,0.421873089105658
220,-1.63926663891195
244,0.372456908495866
446,0.145528324238901
89,-0.240190530717637
481,-1.93900329796544
93,-0.831927978093238
540,-0.86807823526028
562,-0.72968812362388
376,-0.574842781051329
321,0.0676078647016767
312,0.340355094372304
45,1.59625450231448
911,0.400829124266132
11,-1.97952194494703
614,2.02876504737918
716,-0.221945132232102
645,-1.38854589163078
651,3.56696335682317
171,0.473130285867522
951,-1.55527470651092
435,0.173239255774399
557,-0.47880067944449
227,-0.860892511815962
757,2.35665027247584
187,0.1362170710807
820,0.991352847690206
30,-0.511217179865975
109,-1.372633062081
451,1.4347196195725
605,-0.00178895148009595
869,0.240626246886816
168,-1.19942938360335
325,-1.61727403468371
662,0.425960341396904
937,-1.89677851826433
517,-1.9645190156523
804,-0.645340900238681
484,-1.33555869257923
618,-1.58628803547272
661,-2.07707914375065
431,-2.39701900184318
859,0.494737269574021
213,-0.85889863406553
934,1.47251115968171
402,-0.682264025473979
151,-0.0442563801900308
901,1.73788281286327
209,0.30507099028913
632,0.240373383414843
201,-0.93467467022096
963,1.22905032135909
791,0.719534006903601
232,1.99126022005465
718,0.954580014760741
970,2.03699849267869
367,-1.4090093609158
675,-0.255435442230908
857,0.29005872669653
486,-0.240074184675973
483,0.395373409162867
818,-1.182577374094
379,0.604773822171904
927,-0.861609384761138
335,0.327890493283985
83,0.374629497375843
193,0.467071288825862
734,-0.294468760097019
323,0.795212801792263
497,-0.992882601002094
521,-2.17400290801628
177,-2.40195756807638
218,0.510876791371676
47,1.0378184275238
708,-1.36080185428576
265,0.358191505390645
275,0.345434136110655
432,0.287179243075817
129,-1.43436434347453
695,0.327373077715938
445,0.295782166647984
156,0.742308226719027
374,0.698875324615055
31,-1.94188505369898
775,-0.531936499872658
699,-1.04038189099148
434,-0.0432015858973673
965,0.45622988770416
620,0.869469359723858
579,-0.474793379679464
801,-0.466987472270972
752,1.35782120782464
327,-1.32246060828305
356,-0.270671822234729
980,-1.1185277545805
185,-0.585423475948118
990,0.745266739188741
503,0.102962932631601
595,0.829990636666752
471,-0.557434314096271
705,0.603782104813406
786,0.371554967492554
742,-0.396494501564027
958,0.131592621783299
117,-0.922214442359391
812,-1.71036025298262
563,-2.71947133688652
782,-1.58145907458657
119,-1.91377896689653
508,0.858326835759322
678,1.44664942123927
91,-0.374421582236735
519,1.15777014721294
759,0.0971260419830349
216,0.514802176567246
219,0.246189469885863
952,-1.82405868969945
460,0.728151446332444
138,0.0929322398775714
428,2.45711709827063
526,2.67777741952819
796,-1.10629081068983
810,0.452945001250962
485,-0.662402357425539
466,-2.58272492700793
593,-1.76608358010394
553,0.959717072444894
287,0.866981815371251
816,0.715585928645865
73,1.10393733422995
709,0.178957652197411
514,-2.63559978226599
488,-2.56913166958427
994,-1.22548747037885
111,0.555420031592794
86,2.04386923465389
314,-1.1580838815018
735,2.9477658057173
696,0.869279551674993
127,1.29018374406211
580,0.186789086210855
842,-2.07370270921288
912,0.336330051481926
789,-0.747279804583614
793,1.35559064542419
456,1.35609019339837
856,0.395817363933163
260,-0.832618829261685
906,0.525224224740916
316,0.659183728182264
496,-0.870063941496595
977,1.17873864063322
53,1.06732625139474
9,1.57620166102877
293,0.44681534034076
715,0.272449202911068
923,0.78767264493691
245,-3.31179060125193
764,-0.163690968052164
587,0.353952689379329
896,-0.344212972697739
914,-0.0251909495163055
238,-0.963088298134374
309,1.69027661982449
950,0.46688130717892
541,0.912956925188162
99,-0.397535227468305
682,0.617001378848485
586,2.38575147263026
803,1.49611687638425
559,-0.00917337558657405
189,0.560800711664887
56,-0.605894988481447
717,0.807643509851256
849,-0.718425038285088
169,-1.13008601002555
442,-1.76490770922631
476,-1.75540180803001
81,1.02411407291012
70,1.23318363778017
421,-1.16218080704285
814,0.127258680427433
502,-0.86989187070962
922,-2.69615517220396
884,-0.740152524639686
674,-2.30564941505802
637,0.572822850625053
204,-0.700955684436398
500,1.52042869220528
304,-0.737389197177106
478,-2.41976626883335
52,-1.6328238130266
94,0.907688078296331
174,0.305138414669652
736,-0.574320667774926
685,-0.330775602012646
72,0.0163883865237643
594,1.39281986751285
602,0.586924796794781
373,0.377350741898649
650,0.205206681434046
396,-1.03418274371171
747,-0.748540629050512
955,1.46895326261
844,0.479962901165773
80,1.61287361843284
799,-2.22447655318305
739,-0.442640212126544
267,0.690348410166449
100,0.903185273128104
251,1.15559573389467
599,-0.384576721537677
681,-0.616473665842684
108,0.138228318535201
892,0.19004790843706
236,-2.27758628453037
90,-1.69694054087537
413,1.17590875136023
673,-0.0750516393872952
231,0.581938553457428
883,-1.19977291331259
863,0.402892613595656
995,0.739478646238612
308,1.93068707423834
182,0.78071254713167
192,1.78869610052458
545,0.0618036762815519
609,-0.903029446500492
474,-0.914097562768561
639,2.13605463582309
71,0.33515367947725
841,-0.828928642449857
307,0.438627507803361
654,0.191206196988074
230,-0.621263809492766
843,1.00616058974574
499,0.832273472805106
198,0.647853196257643
225,-1.05649596829551
67,-2.10655198426929
613,0.170940941201562
328,-1.05269476732108
785,0.625917833025946
55,0.545314029788166
854,1.37435372793965
985,0.288347449170648
92,-0.0423992874028845
915,0.107787610028604
738,1.25730347168265
910,0.747543856089196
530,1.76325507132365
777,0.491253419896941
773,-0.189846409102888
299,0.751149456530723
184,1.37757383473478
813,0.00904714678267771
710,-0.812328392619561
223,-1.74384598326219
8,2.4313793320476
229,0.930668251551949
27,-0.571574678089022
